identifier	patient	sample_no	height_cm	weight_kg	mutation	mut_class	p_state	gender	age_in_weeks
CF-A-01	CF-A	1	52	3.9	p.Phe508del/p.Phe508del	II/II	PI	w	6
CF-A-02	CF-A	2	56	5	p.Phe508del/p.Phe508del	II/II	PI	w	10
CF-A-03	CF-A	3	61	5.9	p.Phe508del/p.Phe508del	II/II	PI	w	16
CF-A-04	CF-A	4	66	7.8	p.Phe508del/p.Phe508del	II/II	PI	w	26
CF-A-05	CF-A	5	71	9.7	p.Phe508del/p.Phe508del	II/II	PI	w	36
CF-A-06	CF-A	6	72	10.1	p.Phe508del/p.Phe508del	II/II	PI	w	43
CF-A-07	CF-A	7	78	10.7	p.Phe508del/p.Phe508del	II/II	PI	w	59
CF-A-08	CF-A	8	79	11.9	p.Phe508del/p.Phe508del	II/II	PI	w	72
CF-A-09	CF-A	9	84	13.3	p.Phe508del/p.Phe508del	II/II	PI	w	100
CF-B-01	CF-B	1		4.1	p.Phe508del/c.54-5940_ 273+10250 del21kb	II/I	PI	w	5
CF-B-02	CF-B	2	68	7.3	p.Phe508del/c.54-5940_ 273+10250 del21kb	II/I	PI	w	14
CF-B-03	CF-B	3	73	9.2	p.Phe508del/c.54-5940_ 273+10250 del21kb	II/I	PI	w	32
CF-B-04	CF-B	4	78	11.6	p.Phe508del/c.54-5940_ 273+10250 del21kb	II/I	PI	w	45
CF-C-01	CF-C	1	87	12.4	c.2657+5G>A/c.1545_1546delTA	V/I	PS	m	116
CF-C-02	CF-C	2		13.1	c.2657+5G>A/c.1545_1546delTA	V/I	PS	m	129
CF-C-03	CF-C	3	102	16	c.2657+5G>A/c.1545_1546delTA	V/I	PS	m	205
CF-D-01	CF-D	1	89	12.2	p.Phe508del/p.Phe508del	II/II	PI	m	117
CF-D-02	CF-D	2	90	13.3	p.Phe508del/p.Phe508del	II/II	PI	m	129
CF-E-01	CF-E	1	84	11.8	c.2052_2053insA/c.2989-2A>G	I/I	PI	w	116
CF-E-02	CF-E	2	86	12.3	c.2052_2053insA/c.2989-2A>G	I/I	PI	w	131
CF-E-03	CF-E	3	90	12.8	c.2052_2053insA/c.2989-2A>G	I/I	PI	w	147
CF-E-04	CF-E	4	91	13.4	c.2052_2053insA/c.2989-2A>G	I/I	PI	w	160
CF-E-05	CF-E	5	94.7	14.2	c.2052_2053insA/c.2989-2A>G	I/I	PI	w	190
CF-E-06	CF-E	6	97	15.5	c.2052_2053insA/c.2989-2A>G	I/I	PI	w	204
CF-F-01	CF-F	1	74	9	p.Phe508del/p.Tyr1092Ter	II/I	PI	m	50
CF-F-02	CF-F	2	79	9.8	p.Phe508del/p.Tyr1092Ter	II/I	PI	m	64
CF-F-03	CF-F	3	80	10.5	p.Phe508del/p.Tyr1092Ter	II/I	PI	m	77
CF-F-04	CF-F	4	88	13	p.Phe508del/p.Tyr1092Ter	II/I	PI	m	122
CF-G-01	CF-G	1	58	4.9	p.Ser466Ter(TAG)/p.Gly85Glu	II/I	PI	w	6
CF-G-02	CF-G	2		5.9	p.Ser466Ter(TAG)/p.Gly85Glu	II/I	PI	w	17
CF-G-03	CF-G	3	70	6.7	p.Ser466Ter(TAG)/p.Gly85Glu	II/I	PI	w	29
CF-G-04	CF-G	4	78	9.2	p.Ser466Ter(TAG)/p.Gly85Glu	II/I	PI	w	56
CF-G-05	CF-G	5	79	10.3	p.Ser466Ter(TAG)/p.Gly85Glu	II/I	PI	w	72
CF-G-06	CF-G	6	85	10.9	p.Ser466Ter(TAG)/p.Gly85Glu	II/I	PI	w	85
CF-H-01	CF-H	1	82	10.2	p.Glu92Lys/p.Glu92Lys	II/II	PS	m	88
CF-H-02	CF-H	2	88	10.9	p.Glu92Lys/p.Glu92Lys	II/II	PS	m	106
CF-H-03	CF-H	3	89	11.2	p.Glu92Lys/p.Glu92Lys	II/II	PS	m	116
CF-H-04	CF-H	4	91	12.1	p.Glu92Lys/p.Glu92Lys	II/II	PS	m	132
CF-H-05	CF-H	5	94.2	13	p.Glu92Lys/p.Glu92Lys	II/II	PS	m	157
CF-H-06	CF-H	6	97	13.9	p.Glu92Lys/p.Glu92Lys	II/II	PS	m	172
CF-I-01	CF-I	1	83	10.8	p.Phe508del/c.42delA	II/I	PI	m	71
CF-I-02	CF-I	2	110	17.1	p.Phe508del/c.42delA	II/I	PI	m	102
CF-I-03	CF-I	3	89	12.7	p.Phe508del/c.42delA	II/I	PI	m	115
CF-I-04	CF-I	4	96	14.1	p.Phe508del/c.42delA	II/I	PI	m	142
CF-J-01	CF-J	1	86	12.4	p.Phe508del/p.Phe508del	II/II	PI	m	78
CF-J-02	CF-J	2	90	13	p.Phe508del/p.Phe508del	II/II	PI	m	92
CF-J-03	CF-J	3	92	14	p.Phe508del/p.Phe508del	II/II	PI	m	107
CF-J-04	CF-J	4	106	17.7	p.Phe508del/p.Phe508del	II/II	PI	m	164
CF-K-01	CF-K	1	81	10.5	p.Phe508del/p.Phe508del	II/II	PI	m	54
CF-K-02	CF-K	2	83	11	p.Phe508del/p.Phe508del	II/II	PI	m	71
CF-K-03	CF-K	3		12.1	p.Phe508del/p.Phe508del	II/II	PI	m	83
CF-K-04	CF-K	4	91	12.7	p.Phe508del/p.Phe508del	II/II	PI	m	97
CF-K-05	CF-K	5	94	14	p.Phe508del/p.Phe508del	II/II	PI	m	123
CF-L-01	CF-L	1	73	9.12	p.Phe508del/p.Gly85Glu	II/II	PI	m	31
CF-L-02	CF-L	2	76	9.65	p.Phe508del/p.Gly85Glu	II/II	PI	m	45
CF-L-03	CF-L	3	81	11.6	p.Phe508del/p.Gly85Glu	II/II	PI	m	69
CF-L-04	CF-L	4	83	12.5	p.Phe508del/p.Gly85Glu	II/II	PI	m	83
CF-M-01	CF-M	1	57	4.3	p.Phe508del/p.Phe508del (Gata2)	II/II	PI	w	4
CF-M-02	CF-M	2	71	7.7	p.Phe508del/p.Phe508del (Gata2)	II/II	PI	w	32
X01	X	1	NA	NA	NA	NA	PS	m	227
X02	X	1	NA	NA	NA	NA	PS	m	24
X03	X	1	NA	NA	NA	NA	PS	m	155
X04	X	1	NA	NA	NA	NA	PS	m	51
X05	X	1	NA	NA	NA	NA	PS	w	259
X06	X	1	NA	NA	NA	NA	PS	m	267
X07	X	1	NA	NA	NA	NA	PS	m	10
X10	X	1	NA	NA	NA	NA	PS	m	10
X11	X	1	NA	NA	NA	NA	PS	m	57
X12	X	1	NA	NA	NA	NA	PS	m	28
X13	X	1	NA	NA	NA	NA	PS	w	160
X14	X	1	NA	NA	NA	NA	PS	m	15
X15	X	1	NA	NA	NA	NA	PS	m	209
X16	X	1	NA	NA	NA	NA	PS	w	39
X17	X	1	NA	NA	NA	NA	PS	m	31
X18	X	1	NA	NA	NA	NA	PS	m	15
X19	X	1	NA	NA	NA	NA	PS	w	296
X21	X	1	NA	NA	NA	NA	PS	w	321
X22	X	1	NA	NA	NA	NA	PS	m	127
X24	X	1	NA	NA	NA	NA	PS	m	118
X25	X	1	NA	NA	NA	NA	PS	m	283
X26	X	1	NA	NA	NA	NA	PS	w	282
X27	X	1	NA	NA	NA	NA	PS	w	214
X28	X	1	NA	NA	NA	NA	PS	w	214
X29	X	1	NA	NA	NA	NA	PS	m	320
X30	X	1	NA	NA	NA	NA	PS	w	312
X32	X	1	NA	NA	NA	NA	PS	m	6
X33	X	1	NA	NA	NA	NA	PS	m	225
X34	X	1	NA	NA	NA	NA	PS	w	150
X35	X	1	NA	NA	NA	NA	PS	w	283
X36	X	1	NA	NA	NA	NA	PS	w	53
X37	X	1	NA	NA	NA	NA	PS	m	187
X38	X	1	NA	NA	NA	NA	PS	m	267
X39	X	1	NA	NA	NA	NA	PS	m	29
X40	X	1	NA	NA	NA	NA	PS	m	319
X41	X	1	NA	NA	NA	NA	PS	w	35
X42	X	1	NA	NA	NA	NA	PS	m	25
X43	X	1	NA	NA	NA	NA	PS	w	19
X44	X	1	NA	NA	NA	NA	PS	w	37
X45	X	1	NA	NA	NA	NA	PS	m	48
X46	X	1	NA	NA	NA	NA	PS	m	24
X47	X	1	NA	NA	NA	NA	PS	w	3
X48	X	1	NA	NA	NA	NA	PS	w	25
X49	X	1	NA	NA	NA	NA	PS	m	25
X50	X	1	NA	NA	NA	NA	PS	m	46
X51	X	1	NA	NA	NA	NA	PS	m	33
X52	X	1	NA	NA	NA	NA	PS	m	28
X53	X	1	NA	NA	NA	NA	PS	m	41
X55	X	1	NA	NA	NA	NA	PS	w	50
X56	X	1	NA	NA	NA	NA	PS	w	35
X57	X	1	NA	NA	NA	NA	PS	w	42
X58	X	1	NA	NA	NA	NA	PS	w	42
